movie_id,title,release_date,popularity,vote_average,vote_count,overview,original_language,genre_ids
1242898,Predator: Badlands,2025-11-05,720.5807,7.65,1105,"Cast out from his clan, a young Predator finds an unlikely ally in a damaged android and embarks on a treacherous journey in search of the ultimate adversary.",en,"[28, 878, 12]"
1252037,The Tank,2025-09-18,446.5848,7.13,150,"A German Tiger tank crew is sent on a dangerous mission to rescue the missing officer Paul von Hardenburg from a top-secret bunker behind enemy lines. As they make their way through the lethal no-man's land, they must confront not only the enemy, but also their own fears and inner demons. Fueled by the Wehrmacht's methamphetamine, their mission increasingly becomes a journey into the heart of darkness.",de,"[10752, 28, 18]"
83533,Avatar: Fire and Ash,2025-12-17,395.9455,7.4,1277,"In the wake of the devastating war against the RDA and the loss of their eldest son, Jake Sully and Neytiri face a new threat on Pandora: the Ash People, a violent and power-hungry Na'vi tribe led by the ruthless Varang. Jake's family must fight for their survival and the future of Pandora in a conflict that pushes them to their emotional and physical limits.",en,"[878, 12, 14]"
1084242,Zootopia 2,2025-11-26,275.7872,7.593,1007,"After cracking the biggest case in Zootopia's history, rookie cops Judy Hopps and Nick Wilde find themselves on the twisting trail of a great mystery when Gary De'Snake arrives and turns the animal metropolis upside down. To crack the case, Judy and Nick must go undercover to unexpected new parts of town, where their growing partnership is tested like never before.",en,"[16, 35, 12, 10751, 9648]"
628847,Trap House,2025-11-14,234.5497,6.281,114,"An undercover DEA agent and his partner embark on a game of cat and mouse with an audacious, and surprising group of thieves - their own rebellious teenagers, who have begun robbing from a dangerous cartel, using their parents' tactics and top-secret intel to do it.",en,"[28, 80, 53]"
1311031,Demon Slayer: Kimetsu no Yaiba Infinity Castle,2025-07-18,177.6354,7.638,645,"The Demon Slayer Corps are drawn into the Infinity Castle, where Tanjiro, Nezuko, and the Hashira face terrifying Upper Rank demons in a desperate fight as the final battle against Muzan Kibutsuji begins.",ja,"[16, 28, 14]"
1368166,The Housemaid,2025-12-18,166.6836,7.178,273,"Trying to escape her past, Millie Calloway accepts a job as a live-in housemaid for the wealthy Nina and Andrew Winchester. But what begins as a dream job quickly unravels into something far more dangerous—a sexy, seductive game of secrets, scandal, and power.",en,"[9648, 53]"
1228246,Five Nights at Freddy's 2,2025-12-03,156.4514,6.813,544,"One year since the supernatural nightmare at Freddy Fazbear's Pizza, the stories about what transpired there have been twisted into a campy local legend, inspiring the town's first ever Fazfest. With the truth kept from her, Abby sneaks out to reconnect with Freddy, Bonnie, Chica, and Foxy, setting into motion a terrifying series of events that will reveal dark secrets about the real origin of Freddy's, and unleash a decades-hidden horror.",en,"[27, 53]"
755898,War of the Worlds,2025-07-29,148.2171,4.227,819,"Will Radford is a top analyst for Homeland Security who tracks potential threats through a mass surveillance program, until one day an attack by an unknown entity leads him to question whether the government is hiding something from him... and from the rest of the world.",en,"[878, 53]"
425274,Now You See Me: Now You Don't,2025-11-12,131.5351,6.592,835,"The original Four Horsemen reunite with a new generation of illusionists to take on powerful diamond heiress Veronika Vanderberg, who leads a criminal empire built on money laundering and trafficking. The new and old magicians must overcome their differences to work together on their most ambitious heist yet.",en,"[53, 80, 9648]"
982843,The Great Flood,2025-09-18,121.7378,6.01,442,"When a raging flood traps a researcher and her young son, a call to a crucial mission puts their escape — and the future of humanity — on the line.",ko,"[878, 12, 18]"
1419406,The Shadow's Edge,2025-08-16,119.4149,6.7,192,Macau Police brings the tracking expert police officer out of retirement to help catch a dangerous group of professional thieves.,zh,"[28, 80, 53]"
533533,TRON: Ares,2025-10-08,89.7823,6.555,910,"A highly sophisticated Program called Ares is sent from the digital world into the real world on a dangerous mission, marking humankind's first encounter with A.I. beings.",en,"[878, 12, 28]"
1223601,Sisu: Road to Revenge,2025-10-21,89.0588,7.5,438,"Returning to the house where his family was brutally murdered during the war, ‘the man who refuses to die’ dismantles it, loads it on a truck, and is determined to rebuild it somewhere safe in their honor. When the commander who killed his family comes back hellbent on finishing the job, a relentless, eye-popping cross-country chase ensues.",fi,"[28, 10752]"
967941,Wicked: For Good,2025-11-19,76.9351,6.697,666,"As an angry mob rises against the Wicked Witch, Glinda and Elphaba will need to come together one final time. With their singular friendship now the fulcrum of their futures, they will need to truly see each other, with honesty and empathy, if they are to change themselves, and all of Oz, for good.",en,"[14, 12, 10749]"
798645,The Running Man,2025-11-11,71.1214,6.823,915,"Desperate to save his sick daughter, working-class Ben Richards is convinced by The Running Man's charming but ruthless producer to enter the deadly competition game as a last resort. But Ben's defiance, instincts, and grit turn him into an unexpected fan favorite — and a threat to the entire system. As ratings skyrocket, so does the danger, and Ben must outwit not just the Hunters, but a nation addicted to watching him fall.",en,"[28, 53, 878]"
1234731,Anaconda,2025-12-24,70.2489,5.877,130,"A group of friends facing mid-life crises head to the rainforest with the intention of remaking their favorite movie from their youth, only to find themselves in a fight for their lives against natural disasters, giant snakes and violent criminals.",en,"[12, 35, 27]"
1054867,One Battle After Another,2025-09-23,70.2419,7.446,2307,"Washed-up revolutionary Bob exists in a state of stoned paranoia, surviving off-grid with his spirited, self-reliant daughter, Willa. When his evil nemesis resurfaces after 16 years and she goes missing, the former radical scrambles to find her, father and daughter both battling the consequences of his past.",en,"[53, 80, 28]"
639988,No Other Choice,2025-09-24,67.8165,7.768,300,"After being laid off and humiliated by a ruthless job market, a veteran paper mill manager descends into violence in a desperate bid to reclaim his dignity.",ko,"[80, 53, 35]"
1195518,The Unholy Trinity,2025-06-13,65.1628,6.412,125,"Set against the turbulent backdrop of 1870s Montana, in the moments before the execution of Isaac Broadway, he gives his estranged son, Henry, an impossible task: murder the man who framed him for a crime he didn’t commit. Intent on fulfilling his promise, Henry travels to the remote town of Trinity, where an unexpected turn of events traps him in town and leaves him caught between Gabriel Dove, the town’s upstanding new sheriff, and a mysterious figure named St. Christopher.",en,"[37, 12, 80]"
1062722,Frankenstein,2025-10-17,59.0055,7.702,2557,"Dr. Victor Frankenstein, a brilliant but egotistical scientist, brings a creature to life in a monstrous experiment that ultimately leads to the undoing of both the creator and his tragic creation.",en,"[18, 14, 27]"
803796,KPop Demon Hunters,2025-06-20,61.8516,8.138,2180,"When K-pop superstars Rumi, Mira and Zoey aren't selling out stadiums, they're using their secret powers to protect their fans from supernatural threats.",en,"[14, 10402, 35, 16]"
812583,Wake Up Dead Man: A Knives Out Mystery,2025-11-26,56.99,7.203,1661,"When young priest Jud Duplenticy is sent to assist charismatic firebrand Monsignor Jefferson Wicks, it’s clear that all is not well in the pews. After a sudden and seemingly impossible murder rocks the town, the lack of an obvious suspect prompts local police chief Geraldine Scott to join forces with renowned detective Benoit Blanc to unravel a mystery that defies all logic.",en,"[53, 9648, 35]"
1218925,Chainsaw Man - The Movie: Reze Arc,2025-09-19,55.2409,8.3,575,"In a brutal war between devils, hunters, and secret enemies, a mysterious girl named Reze has stepped into Denji's world, and he faces his deadliest battle yet, fueled by love in a world where survival knows no rules.",ja,"[16, 28, 10749, 14]"
575265,Mission: Impossible - The Final Reckoning,2025-05-17,54.5442,7.205,2388,"Ethan Hunt and team continue their search for the terrifying AI known as the Entity — which has infiltrated intelligence networks all over the globe — with the world's governments and a mysterious ghost from Hunt's past on their trail. Joined by new allies and armed with the means to shut the Entity down for good, Hunt is in a race against time to prevent the world as we know it from changing forever.",en,"[28, 53, 12]"
1387382,Hunting Season,2025-12-05,54.069,7.117,103,"When a reclusive survivalist and his daughter rescue a mysterious, wounded woman from a river, they become entangled in a deadly web of violence and revenge, forcing them to confront a brutal criminal to survive.",en,"[28, 18, 53]"
980477,Ne Zha 2,2025-01-29,46.2485,8.116,546,"After a catastrophic event leaves their bodies destroyed, Ne Zha and Ao Bing are granted a fragile second chance at life. As tensions rise between the dragon clans and celestial forces, the two must undergo a series of perilous trials that will test their bond, challenge their identities, and decide the fate of both mortals and immortals.",zh,"[16, 14, 12, 28]"
1180831,Troll 2,2025-11-30,44.2603,6.588,345,"When a dangerous new troll unleashes devastation across their homeland, Nora, Andreas and Major Kris embark on their most perilous mission yet.",no,"[28, 14, 53]"
1234821,Jurassic World Rebirth,2025-07-01,45.0411,6.36,2769,"Five years after the events of Jurassic World Dominion, covert operations expert Zora Bennett is contracted to lead a skilled team on a top-secret mission to secure genetic material from the world's three most massive dinosaurs. When Zora's operation intersects with a civilian family whose boating expedition was capsized, they all find themselves stranded on an island where they come face-to-face with a sinister, shocking discovery that's been hidden from the world for decades.",en,"[878, 12, 28]"
911430,F1,2025-06-25,43.543,7.79,3029,Racing legend Sonny Hayes is coaxed out of retirement to lead a struggling Formula 1 team—and mentor a young hotshot driver—while chasing one more chance at glory.,en,"[28, 18]"
617126,The Fantastic 4: First Steps,2025-07-23,44.0124,6.999,2797,"Against the vibrant backdrop of a 1960s-inspired, retro-futuristic world, Marvel's First Family is forced to balance their roles as heroes with the strength of their family bond, while defending Earth from a ravenous space god called Galactus and his enigmatic Herald, Silver Surfer.",en,"[878, 12, 28]"
1233413,Sinners,2025-04-16,38.1065,7.498,3178,"Trying to leave their troubled lives behind, twin brothers return to their hometown to start again, only to discover that an even greater evil is waiting to welcome them back.",en,"[27, 28, 53]"
1246049,Dracula,2025-07-30,41.2752,7.1,715,"When a 15th-century prince denounces God after the devastating loss of his wife, he inherits an eternal curse: he becomes Dracula. Condemned to wander the centuries, he defies fate and death itself, guided by a single hope — to be reunited with his lost love.",fr,"[27, 14, 10749]"
1061474,Superman,2025-07-09,40.0226,7.4,4110,"Superman, a journalist in Metropolis, embarks on a journey to reconcile his Kryptonian heritage with his human upbringing as Clark Kent.",en,"[878, 12, 28]"
1363123,The Family Plan 2,2025-11-11,39.5817,6.564,442,"Now that Dan's assassin days are behind him, all he wants for Christmas is quality time with his kids. But when he learns his daughter has her own plans, he books a family trip to London—putting them all in the crosshairs of an unexpected enemy.",en,"[28, 35]"
701387,Bugonia,2025-10-23,39.5956,7.402,1094,"Two conspiracy obsessed young men kidnap the high-powered CEO of a major company, convinced that she is an alien intent on destroying planet Earth.",en,"[878, 80]"
1259102,Eternity,2025-11-26,34.8037,7.126,278,"In an afterlife where souls have one week to decide where to spend eternity, Joan is faced with the impossible choice between the man she spent her life with and her first love, who died young and has waited decades for her to arrive.",en,"[10749, 35, 18]"
1087192,How to Train Your Dragon,2025-06-06,36.8065,7.969,2418,"On the rugged isle of Berk, where Vikings and dragons have been bitter enemies for generations, Hiccup stands apart, defying centuries of tradition when he befriends Toothless, a feared Night Fury dragon. Their unlikely bond reveals the true nature of dragons, challenging the very foundations of Viking society.",en,"[14, 10751, 28, 12]"
1291608,Dhurandhar,2025-12-05,38.0915,6.5,139,"After the hijacking of IC-814 in 1999 and the Parliament attack in 2001, India’s Intelligence Bureau Chief, Ajay Sanyal, devises an indomitable mission to intrude and rupture the terrorist network in Pakistan, by infiltrating the underworld mafia of Karachi with the help of a 20-year-old boy from Punjab, held captive for a revenge crime.",hi,"[28, 53]"
1214931,Nuremberg,2025-11-06,35.9633,7.33,327,"In postwar Germany, an American psychiatrist must determine whether Nazi prisoners are fit to go on trial for war crimes, and finds himself in a complex battle of intellect and ethics with Hermann Göring, Hitler's right-hand man.",en,"[36, 18]"
1038392,The Conjuring: Last Rites,2025-09-03,33.0783,6.934,1555,Paranormal investigators Ed and Lorraine Warren take on one last terrifying case involving mysterious entities they must confront.,en,[27]
541671,Ballerina,2025-06-04,31.9906,7.3,2168,"Taking place during the events of John Wick: Chapter 3 – Parabellum, Eve Macarro begins her training in the assassin traditions of the Ruska Roma.",en,"[28, 53, 80]"
574475,Final Destination Bloodlines,2025-05-14,31.9401,7.096,2533,"Plagued by a violent recurring nightmare, college student Stefanie heads home to track down the one person who might be able to break the cycle and save her family from the grisly demise that inevitably awaits them all.",en,"[27, 9648]"
1197137,Black Phone 2,2025-10-15,30.1974,6.8,792,"Four years after escaping The Grabber, Finney Blake is struggling with his life after captivity. When his sister Gwen begins receiving calls in her dreams from the black phone and seeing disturbing visions of three boys being stalked at a winter camp, the siblings become determined to solve the mystery and confront a killer who has grown more powerful in death and more significant to them than either could imagine.",en,"[27, 53]"
1197306,A Working Man,2025-03-26,30.1946,6.699,1724,"Levon Cade left behind a decorated military career in the black ops to live a simple life working construction. But when his boss's daughter, who is like family to him, is taken by human traffickers, his search to bring her home uncovers a world of corruption far greater than he ever could have imagined.",en,"[28, 80, 53]"
1422096,Good Boy,2025-10-01,29.6942,6.706,446,"A loyal dog moves to a rural family home with his owner Todd, only to discover supernatural forces lurking in the shadows. As dark entities threaten his human companion, the brave pup must fight to protect the one he loves most.",en,[27]
1327862,Regretting You,2025-10-22,29.5982,7.039,241,"Morgan Grant and her daughter Clara explore what's left behind after a devastating accident reveals a shocking betrayal and forces them to confront family secrets, redefine love, and rediscover each other.",en,"[10749, 18]"
950387,A Minecraft Movie,2025-03-31,28.914,6.301,2677,"Four misfits find themselves struggling with ordinary problems when they are suddenly pulled through a mysterious portal into the Overworld: a bizarre, cubic wonderland that thrives on imagination. To get back home, they'll have to master this world while embarking on a magical quest with an unexpected, expert crafter, Steve.",en,"[10751, 14, 35, 12, 28]"
1078605,Weapons,2025-08-04,28.247,7.3,2677,"When all but one child from the same class mysteriously vanish on the same night at exactly the same time, a community is left questioning who or what is behind their disappearance.",en,"[27, 9648]"
1035259,The Naked Gun,2025-07-30,27.7977,6.432,1293,"Only one man has the particular set of skills... to lead Police Squad and save the world: Lt. Frank Drebin Jr. Following in his father's footsteps, he must solve a murder case to prevent Police Squad from closure.",en,"[28, 35, 80]"
1379963,Tell Me Softly,2025-12-11,27.692,6.257,101,"Kamila has everything under control: studies, social life, her image... Everything except the unexpected return of her neighbors, the Di Bianco brothers, after seven years of absence. Thiago stole her first kiss, and Taylor was her best friend, but now their return will turn Kami's world upside down. Can the three overcome the past that binds them? Or will everything explode into pieces once again?",es,"[10749, 18]"
552524,Lilo & Stitch,2025-05-17,27.5484,7.241,1948,The wildly funny and touching story of a lonely Hawaiian girl and the fugitive alien who helps to mend her broken family.,en,"[10751, 878, 35]"
1033148,Die My Love,2025-10-06,27.0169,6.3,281,"After inheriting a remote Montana house, Jackson moves there from New York with his partner Grace, and the couple soon welcome a child. As Jackson becomes increasingly absent and rural isolation sets in, Grace struggles with loneliness, creative frustration, and unresolved emotional wounds. What begins as an attempt at renewal gradually turns into an intense psychological descent, placing strain on their relationship and exposing the fragile balance between love, identity, and motherhood.",en,[18]
1248226,Playdate,2025-11-05,26.88,6.097,449,"When out-of-work accountant Brian joins stay-at-home dad Jeff for a playdate with their sons, he expects a laid-back afternoon. Instead, they're chased by mercenaries, and Brian—totally unprepared—must survive one absurd obstacle after another.",en,"[28, 35, 10751]"
1100988,28 Years Later,2025-06-18,25.8673,6.641,1959,"Twenty-eight years since the rage virus escaped a biological weapons laboratory, now, still in a ruthlessly enforced quarantine, some have found ways to exist amidst the infected. One such group lives on a small island connected to the mainland by a single, heavily-defended causeway. When one member departs on a mission into the dark heart of the mainland, he discovers secrets, wonders, and horrors that have mutated not only the infected but other survivors as well.",en,"[27, 53, 878]"
1022787,Elio,2025-06-18,24.7052,6.966,769,"Elio, a space fanatic with an active imagination, finds himself on a cosmic misadventure where he must form new bonds with eccentric alien lifeforms, navigate a crisis of intergalactic proportions and somehow discover who he is truly meant to be.",en,"[10751, 35, 12, 16, 878]"
1007734,Nobody 2,2025-08-13,24.6495,7.025,1157,"Former assassin Hutch Mansell takes his family on a nostalgic vacation to a small-town theme park, only to be pulled back into violence when they clash with a corrupt operator, a crooked sheriff, and a ruthless crime boss.",en,"[28, 53]"
986056,Thunderbolts*,2025-04-30,24.2662,7.312,3070,"After finding themselves ensnared in a death trap, seven disillusioned castoffs must embark on a dangerous mission that will force them to confront the darkest corners of their pasts.",en,"[28, 878, 12]"
1472638,Buen Camino,2025-12-25,24.0589,6.518,255,"Checco's life is a comfortable and luxurious one, and it couldn't be otherwise, considering he's the only son of Eugenio Zalone, a wealthy sofa manufacturer. Stranded by the pool in his luxurious villas, with an unspecified number of Filipinos serving him, a very young Mexican model as a girlfriend, and vacationing on his yacht with friends who share his passion for not wanting to work; it seems like a truly enviable life, considering he lacks nothing, absolutely nothing. Actually, no. Something is missing. It's his underage daughter, Cristal, named after the famous French sparkling wine, who has suddenly disappeared without a trace. Urgently summoned to Rome by his ex-wife, Linda, he finds himself facing the responsibilities of fatherhood for the first time, trying to find the girl—a very complicated task, considering he knows absolutely nothing about Cristal and her life.",it,"[35, 10751, 12]"
950396,The Gorge,2025-02-13,23.2367,7.647,3297,"Two highly trained operatives grow close from a distance after being sent to guard opposite sides of a mysterious gorge. When an evil below emerges, they must work together to survive what lies within.",en,"[10749, 878, 53]"
1242419,Roofman,2025-10-08,23.2039,7.2,407,"A former Army Ranger and struggling father turns to robbing McDonald’s restaurants by cutting holes in their roofs, earning him the nickname 'Roofman'. After escaping prison, he secretly lives inside a Toys “R” Us for six months, surviving undetected while planning his next move. But when he falls for a divorced mom drawn to his undeniable charm, his double life begins to unravel, setting off a compelling and suspenseful game of cat and mouse as his past closes in.",en,"[80, 35, 18]"
1175942,The Bad Guys 2,2025-07-24,22.4429,7.721,605,"The now-reformed Bad Guys are trying (very, very hard) to be good, but instead find themselves hijacked into a high-stakes, globe-trotting heist, masterminded by a new team of criminals they never saw coming: The Bad Girls.",en,"[10751, 35, 80, 12, 16]"
1010756,The Strangers: Chapter 2,2025-09-25,22.2137,5.997,191,"When The Strangers learn that one of their victims, Maya, is still alive, they return to finish what they’ve started.",en,"[27, 53]"
1156594,Our Fault,2025-10-15,21.9198,7.401,585,"Jenna and Lion's wedding brings about the long-awaited reunion between Noah and Nick after their breakup. Nick's inability to forgive Noah stands as an insurmountable barrier. He, heir to his grandfather's businesses, and she, starting her professional life, resist fueling a flame that's still alive. But now that their paths have crossed again, will love be stronger than resentment?",es,"[10749, 18]"
1119878,Ice Road: Vengeance,2025-06-27,21.3706,6.261,554,"Big rig ice road driver Mike McCann travels to Nepal to scatter his late brother’s ashes on Mt. Everest. While on a packed tour bus traversing the deadly 12,000 ft. terrain of the infamous Road to the Sky, McCann and his mountain guide encounter a group of mercenaries and must fight to save themselves, the busload of innocent travelers, and the local villagers’ homeland.",en,"[28, 53, 18]"
1284120,The Ugly Stepsister,2025-03-07,20.6166,7.304,805,"In a fairy-tale kingdom where beauty is a brutal business, Elvira battles to compete with her incredibly beautiful stepsister, and she will go to any length to catch the prince’s eye.",no,"[27, 35, 14, 18]"
604079,The Long Walk,2025-09-10,20.42,6.942,1015,"In a dystopian near-future America, fifty teenage boys take part in a deadly annual walking contest, forced to maintain a minimum pace or be executed, until only one survivor remains.",en,"[878, 53, 27]"
957119,Sidelined: The QB and Me,2025-02-06,19.9334,6.244,127,"Dallas, a burdened but headstrong dancer, is determined to get into the best dance school in the country—her late mother’s alma mater. However, that dream is suddenly derailed when the cheeky yet secretly grieving football star, Drayton, crashes into her life with a unique story of his own. Will the two of them be able to grow into their dreams together, or will their dreams be sidelined?",en,"[35, 10749]"
822119,Captain America: Brave New World,2025-02-12,19.4691,5.991,2848,"After meeting with newly elected U.S. President Thaddeus Ross, Sam finds himself in the middle of an international incident. He must discover the reason behind a nefarious global plot before the true mastermind has the entire world seeing red.",en,"[28, 53, 878]"
1242011,Together,2025-07-28,19.3156,7.078,817,"Years into their relationship, Tim and Millie find themselves at a crossroads as they move to the country, abandoning all that is familiar in their lives except each other. With tensions already flaring, a nightmarish encounter with a mysterious, unnatural force threatens to corrupt their lives, their love, and their flesh.",en,"[27, 10749]"
1124566,Sentimental Value,2025-08-20,19.246,7.6,269,"Sisters Nora and Agnes reunite with their estranged father, the charismatic Gustav, a once-renowned director who offers stage actress Nora a role in what he hopes will be his comeback film. When Nora turns it down, she soon discovers he has given her part to an eager young Hollywood star.",no,[18]
1241983,Train Dreams,2025-11-05,19.1994,7.313,428,A logger leads a life of quiet grace as he experiences love and loss during an era of monumental change in early 20th-century America.,en,[18]
1376434,Predator: Killer of Killers,2025-06-05,18.9719,7.9,1030,"While three of the fiercest warriors in human history—a Viking raider, a ninja in feudal Japan, and a WWII pilot—are killers in their own right, they are merely prey for their new opponent: the ultimate killer of killers.",en,"[16, 28, 878, 53]"
696506,Mickey 17,2025-02-28,18.9454,6.827,3122,"Unlikely hero Mickey Barnes finds himself in the extraordinary circumstance of working for an employer who demands the ultimate commitment to the job… to die, for a living.",en,"[878, 35, 12]"
1257009,Primitive War,2025-08-21,18.3696,6.8,202,"During the Vietnam War, a recon unit ventures to an isolated jungle valley to uncover the fate of a missing platoon. They soon find themselves in a fight for their lives against an unexpected enemy — prehistoric dinosaurs.",en,"[28, 27, 10752]"
941109,Play Dirty,2025-09-30,18.2248,6.596,534,"Expert thief Parker gets a shot at a major heist, but to pull it off he and his team must outsmart a South American dictator, the New York mob, and the world's richest man.",en,[80]
1456349,It Was Just an Accident,2025-09-27,18.0398,7.171,257,An unassuming mechanic is reminded of his time in an Iranian prison when he encounters a man he suspects to be his sadistic jailhouse captor.,fa,"[18, 53, 80]"
1071585,M3GAN 2.0,2025-06-25,17.8584,7.335,1075,"After the underlying tech for M3GAN is stolen and misused by a powerful defense contractor to create a military-grade weapon known as Amelia, M3GAN's creator Gemma realizes that the only option is to resurrect M3GAN and give her a few upgrades, making her faster, stronger, and more lethal.",en,"[28, 878, 53]"
1011477,Karate Kid: Legends,2025-05-08,17.6929,7.071,1065,"After a family tragedy, kung fu prodigy Li Fong is uprooted from his home in Beijing and forced to move to New York City with his mother. When a new friend needs his help, Li enters a karate competition – but his skills alone aren't enough. Li's kung fu teacher Mr. Han enlists original Karate Kid Daniel LaRusso for help, and Li learns a new way to fight, merging their two styles into one for the ultimate martial arts showdown.",en,"[28, 12, 18]"
1196573,She Rides Shotgun,2025-07-31,17.6419,7.1,197,"Newly released from prison and marked for death by unrelenting enemies, Nate must now protect his estranged 11-year-old daughter, Polly, at all costs. With scant resources and no one to trust, Nate and Polly forge a bond under fire as he shows her how to fight and survive—and she teaches him the true meaning of unconditional love.",en,"[28, 53, 80]"
1084199,Companion,2025-01-22,16.4688,7.035,1986,"During a weekend getaway at a secluded lakeside estate, a group of friends finds themselves entangled in a web of secrets, deception, and advanced technology. As tensions rise and loyalties are tested, they uncover unsettling truths about themselves and the world around them.",en,"[53, 878, 27]"
1294203,My Fault: London,2025-02-12,15.4543,7.407,516,"18-year-old Noah moves from America to London, with her mother who's recently fallen in love with William, a wealthy British businessman. Noah meets William’s son, bad-boy Nick, and soon discovers there is an attraction between them neither can avoid. As Noah spends the summer adjusting to her new life, her devastating past will catch up with her while falling in love for the first time.",en,"[18, 10749]"
749170,Heads of State,2025-06-24,16.3812,6.852,911,"The UK Prime Minister and US President have a public rivalry that risks their countries' alliance. But when they become targets of a powerful enemy, they're forced to rely on each other as they go on a wild, multinational run. Allied with Noel, a brilliant MI6 agent, they must find a way to thwart a conspiracy that threatens the free world.",en,"[28, 53, 35]"
1151031,Bring Her Back,2025-05-28,15.2534,7.4,1304,"Following the death of their father, a brother and sister are sent to live with a foster mother, only to learn that she is hiding a terrifying secret.",en,[27]
1125257,Freakier Friday,2025-08-06,15.7075,6.878,562,"Years after Tess and Anna endured an identity crisis, Anna now has a daughter of her own and a soon-to-be stepdaughter. As they navigate the myriad challenges that come when two families merge, Tess and Anna discover lightning might indeed strike twice.",en,"[35, 14, 10751]"
1161617,Code 3,2025-09-12,15.8455,6.834,160,A burned-out paramedic tries to survive his last 24 hours on the job while training a new recruit.,en,"[28, 35]"
338969,The Toxic Avenger Unrated,2025-08-28,16.2803,6.11,242,"When a downtrodden janitor, Winston Gooze, is exposed to a catastrophic toxic accident, he’s transformed into a new kind of hero: The Toxic Avenger. Now, Toxie must rise from outcast to savior, taking on ruthless corporate overlords and corrupt forces who threaten his son, his friends, and his community.",en,"[28, 35, 878]"
1241436,Warfare,2025-04-09,14.4569,7.086,1229,"A platoon of Navy SEALs embarks on a dangerous mission in Ramadi, Iraq, with the chaos and brotherhood of war retold through their memories of the event.",en,"[10752, 28]"
1280450,Stolen Girl,2025-09-04,14.7782,6.25,114,"In 1993, Maureen’s six-year-old daughter Amina is snuck out of the country by her ex-husband, Karim. After years of unsuccessful attempts to find her, Maureen intersects with a professional retriever of internationally abducted children who promises to help her find Amina in exchange for her collaboration.",en,"[53, 28, 12]"
1220564,The Secret Agent,2025-07-23,15.7926,7.912,131,"In 1977 Brazil, technology specialist Marcelo, fleeing a mysterious past, returns to Recife in search of peace, but realizes the city is far from the refuge he seeks.",pt,"[80, 18, 53]"
507244,Afterburn,2025-08-20,16.1797,6.6,158,"Set against the backdrop of a postapocalyptic Earth whose Eastern Hemisphere was destroyed by a massive solar flare, leaving what life remains mutated from radiation and fallout. The story revolves around a group of treasure hunters who extract such objects as the Mona Lisa, the Rosetta Stone and the Crown Jewels while facing rival hunters, mutants and pirates.",en,"[878, 28, 35]"
447273,Snow White,2025-03-19,14.6463,4.3,1494,"Following the benevolent King's disappearance, the Evil Queen dominated the once fair land with a cruel streak. Princess Snow White flees the castle when the Queen, in her jealousy over Snow White's inner beauty, tries to kill her. Deep into the dark woods, she stumbles upon seven magical dwarves and a young bandit named Jonathan. Together, they strive to survive the Queen's relentless pursuit and aspire to take back the kingdom.",en,"[10751, 14]"
1087891,The Amateur,2025-04-09,12.8884,6.974,1431,"After his life is turned upside down when his wife is killed in a London terrorist attack, a brilliant but introverted CIA decoder takes matters into his own hands when his supervisors refuse to take action.",en,"[53, 28]"
1328803,Prisoner of War,2025-09-19,13.6042,7.2,130,British RAF Wing Commander James Wright is captured by the Japanese during WWII and forced to fight in brutal hand-to-hand combat. The Japanese soldiers get more than they bargained for when Wright’s years of martial arts training in Hong Kong prove him to be a formidable opponent.,en,"[28, 10752, 53, 36]"
1106289,The Pickup,2025-07-27,12.8387,6.415,423,A routine cash pickup takes a wild turn when mismatched armored truck drivers Russell and Travis are ambushed by ruthless criminals led by savvy mastermind Zoe.,en,"[28, 35, 80]"
1241470,Osiris,2025-07-25,14.2267,6.172,163,"Special Forces commandos on a mission are abducted mid-operation by a mysterious spacecraft. Upon waking aboard, they find themselves prey to a relentless alien race in a fight for survival.",en,"[878, 28, 27]"
986097,HIM,2025-09-18,13.2696,5.74,286,"After suffering a potentially career-ending brain trauma, Cameron Cade receives a lifeline when his hero, legendary eight-time Championship quarterback and cultural megastar Isaiah White, offers to train Cam at Isaiah's isolated compound that he shares with his celebrity influencer wife. But as Cam's training accelerates, Isaiah's charisma begins to curdle into something darker.",en,"[27, 9648]"
1042834,Eden,2025-04-03,12.8346,6.717,511,"A group of disillusioned outsiders abandon modern society in search of a new beginning. Settling on a remote, uninhabited island, their utopian dream quickly unravels as they discover that the greatest threat isn’t the brutal climate or deadly wildlife, but each other.",en,"[53, 18]"
937941,Shelby Oaks,2025-10-02,14.295,5.8,171,A woman's obsessive search for her missing sister leads her into a terrifying mystery at the hands of an unknown evil.,en,"[27, 9648]"
936108,Smurfs,2025-07-05,13.1238,5.853,234,"When Papa Smurf is mysteriously taken by evil wizards, Razamel and Gargamel, Smurfette leads the Smurfs on a mission into the real world to save him. With the help of new friends, the Smurfs must discover what defines their destiny to save the universe.",en,"[16, 10751, 14]"
1426776,STRAW,2025-06-05,12.2291,7.772,887,What will be her last straw? A devastatingly bad day pushes a hardworking single mother to the breaking point — and into a shocking act of desperation.,en,"[53, 18, 80]"
1088166,Relay,2025-08-21,11.8332,6.99,262,A broker of lucrative payoffs between corrupt corporations and the individuals who threaten them breaks his own rules when a new client seeks his protection to stay alive.,en,"[28, 18, 53]"
1267319,Mantis,2025-09-25,11.5628,6.277,128,"The secret society of contract killers falls into chaos, unleashing a new breed of assassins. With old rules in ruins, who dares claim the shadows?",ko,"[28, 80, 53]"
870028,The Accountant²,2025-04-23,11.2384,7.1,1555,"When an old acquaintance is murdered, Wolff is compelled to solve the case. Realizing more extreme measures are necessary, Wolff recruits his estranged and highly lethal brother, Brax, to help. In partnership with Marybeth Medina, they uncover a deadly conspiracy, becoming targets of a ruthless network of killers who will stop at nothing to keep their secrets buried.",en,"[9648, 80, 53]"
1235746,Dead of Winter,2025-09-23,12.9384,6.362,138,"A widowed fisherwoman, travelling alone through snowbound northern Minnesota, interrupts the kidnapping of a teenage girl. Hours from the nearest town and with no phone service, she realizes that she is the young girl's only hope.",en,[53]
1124620,The Monkey,2025-02-14,11.8591,5.996,1155,"When twin brothers find a mysterious wind-up monkey, a series of outrageous deaths tear their family apart. Twenty-five years later, the monkey begins a new killing spree forcing the estranged brothers to confront the cursed toy.",en,"[27, 35]"
1126166,Flight Risk,2025-01-22,10.779,6.0,1072,"A pilot transports an Air Marshal accompanying a fugitive to trial. As they cross the Alaskan wilderness, tensions soar and trust is tested, as not everyone on board is who they seem.",en,"[28, 53]"
1195506,Novocaine,2025-03-12,9.5033,6.834,1378,"When the girl of his dreams is kidnapped, everyman Nate turns his inability to feel pain into an unexpected strength in his fight to get her back.",en,"[28, 35, 53]"
13494,Red Sonja,2025-07-31,11.5269,5.7,163,A young girl rises from the ashes of tragedy to become the most feared warrior woman of all time: the She-Devil with a Sword.,en,"[12, 28, 14]"
1151272,Sirāt,2025-06-06,11.3231,6.852,300,"A man and his son arrive at a rave lost in the mountains of Morocco. They are looking for Marina, their daughter and sister, who disappeared months ago at another rave. Driven by fate, they decide to follow a group of ravers in search of one last party, in hopes Marina will be there.",es,"[18, 53, 10402]"
842924,The Life of Chuck,2025-06-05,11.156,7.301,685,"In this extraordinary story of an ordinary man, Charles 'Chuck' Krantz experiences the wonder of love, the heartbreak of loss, and the multitudes contained in all of us.",en,"[14, 18]"
1083433,I Know What You Did Last Summer,2025-07-16,11.2155,5.809,587,"When five friends inadvertently cause a deadly car accident, they cover up their involvement and make a pact to keep it a secret rather than face the consequences. A year later, their past comes back to haunt them and they're forced to confront a horrifying truth: someone knows what they did last summer…and is hell-bent on revenge.",en,"[27, 9648, 53]"
648878,Eddington,2025-07-16,10.6978,6.439,580,"In May of 2020, a standoff between a small-town sheriff and mayor sparks a powder keg as neighbor is pitted against neighbor in Eddington, New Mexico.",en,"[37, 35, 80]"
1236470,The Lost Bus,2025-09-19,9.3858,7.098,558,A determined father risks everything to rescue a dedicated teacher and her students from a raging wildfire.,en,"[18, 9648, 53]"
1136867,Materialists,2025-06-12,10.3455,6.5,964,"A young, ambitious New York City matchmaker finds herself torn between the perfect match and her imperfect ex.",en,"[10749, 18]"
760329,The Smashing Machine,2025-10-01,11.0655,6.512,343,"In the late 1990s, up-and-coming mixed martial artist Mark Kerr aspires to become the greatest fighter in the world. However, he must also battle his opioid dependence and a volatile relationship with his girlfriend Dawn.",en,"[36, 18]"
1290159,A House of Dynamite,2025-10-02,10.3896,6.396,1016,"When a single, unattributed missile is launched at the United States, a race begins to determine who is responsible and how to respond.",en,[53]
324544,In the Lost Lands,2025-02-27,10.4261,6.435,686,"A queen sends the powerful and feared sorceress Gray Alys to the ghostly wilderness of the Lost Lands in search of a magical power, where she and her guide, the drifter Boyce, must outwit and outfight both man and demon.",en,"[28, 14, 37]"
1267905,The Roses,2025-08-27,11.2493,6.724,504,"Life seems easy for picture-perfect couple Ivy and Theo: successful careers, a loving marriage, great kids. But beneath the façade of their supposed ideal life, a storm is brewing – as Theo's career nosedives while Ivy's own ambitions take off, a tinderbox of fierce competition and hidden resentment ignites.",en,"[35, 18]"
1114967,Good Fortune,2025-10-14,11.2594,7.057,388,A well-meaning but rather inept angel named Gabriel meddles in the lives of a struggling gig worker and a wealthy capitalist.,en,"[35, 14]"
1086260,The Astronaut,2025-09-26,10.854,5.74,129,"After returning from her first space mission, astronaut Sam Walker is placed under NASA’s care at a high security house for rehabilitation and medical testing. However, when disturbing occurrences begin happening around the property, she fears that something extraterrestrial has followed her back to Earth",en,"[878, 27, 53]"
1299655,Blue Moon,2025-10-17,10.7418,6.805,105,"On the evening of March 31, 1943, legendary lyricist Lorenz Hart confronts his shattered self-confidence in Sardi’s bar as his former collaborator Richard Rodgers celebrates the opening night of his ground-breaking hit musical “Oklahoma!”.",en,[18]
668489,Havoc,2025-04-25,10.6577,6.391,1115,"When a drug heist swerves lethally out of control, a jaded cop fights his way through a corrupt city's criminal underworld to save a politician's son.",en,"[28, 80, 53, 18]"
1155281,Creation of the Gods II: Demon Force,2025-01-29,10.4249,6.396,120,"Taishi Wen Zhong led the army of Shang Dynasty including Deng Chanyu and four generals of the Mo Family to Xiqi. With the help of Kunlun immortals such as Jiang Ziya, Ji Fa led the army and civilians of Xiqi to defend their homeland.",zh,"[28, 14, 10752]"
1232546,Until Dawn,2025-04-23,10.2625,6.3,1250,"One year after her sister Melanie mysteriously disappeared, Clover and her friends head into the remote valley where she vanished in search of answers. Exploring an abandoned visitor center, they find themselves stalked by a masked killer and horrifically murdered one by one...only to wake up and find themselves back at the beginning of the same evening.",en,"[27, 9648]"
1153714,Death of a Unicorn,2025-03-27,10.1223,6.432,685,"A father and daughter accidentally hit and kill a unicorn while en route to a weekend retreat, where his billionaire boss seeks to exploit the creature’s miraculous curative properties.",en,"[27, 14, 35]"
1064307,Spermageddon,2025-02-21,10.0742,6.505,109,"Two narrative threads: one is an emerging love story between awkward teens Jens and Lisa, who are having sex for the first time; the other, an eventful quest of Simon the Semen and his friends to reach the golden goal, the Egg.",no,"[16, 12, 14, 35]"
666154,Kayara,2025-01-02,9.8222,7.628,109,"A courageous and athletic teenager, Kayara dreams that she is destined to be the first female to break into the league of Chasquis - the official messengers of the Incan empire. As she learns what it takes to be a Chasqui along with its challenges, she tackles every mission she gets and discovers the ancient stories of her land and her people.",en,"[16, 12, 10751]"
1069905,Jay Kelly,2025-11-14,9.8077,6.065,284,"Famous movie actor Jay Kelly embarks on a journey of self-discovery, confronting both his past and present, accompanied by his devoted manager, Ron.",en,"[18, 35]"
1245993,Caught Stealing,2025-08-26,9.7847,6.94,668,"Burned-out ex-baseball player Hank Thompson unexpectedly finds himself embroiled in a dangerous struggle for survival amidst the criminal underbelly of late 1990s New York City, forced to navigate a treacherous underworld he never imagined.",en,"[80, 53, 35]"
1278950,The Ritual,2025-04-18,9.6795,5.915,253,"Two priests, one in crisis with his faith and the other confronting a turbulent past, must overcome their differences to perform a risky exorcism.",en,"[27, 18, 53]"
1356039,Counterattack,2025-02-27,9.6353,8.275,774,"When a hostage rescue mission creates a new enemy, Capt. Guerrero and his elite soldiers must face an ambush by a criminal group.",es,"[28, 12, 53]"
1450599,K.O.,2025-06-05,9.5729,6.435,248,"A former fighter must find the missing son of an opponent he accidentally killed years ago, taking on a brutally violent crime gang in Marseille.",fr,"[28, 18, 12]"
1300116,Fall for Me,2025-08-20,9.4538,6.125,184,"Lilli is suspicious of her sister's new fiance, but when an attractive stranger enters her life, she's suddenly distracted by the thralls of desire.",de,"[10749, 53]"
1230368,Springsteen: Deliver Me from Nowhere,2025-10-22,9.3943,6.909,165,"Bruce Springsteen, a young musician on the cusp of global superstardom, struggles to reconcile the pressures of success with the ghosts of his past.",en,"[18, 10402]"
1205515,"Sorry, Baby",2025-06-27,9.3468,6.922,180,"Agnes feels stuck. Unlike her best friend, Lydie, who’s moved to New York and is now expecting a baby, Agnes still lives in the New England house they once shared as graduate students, now working as a professor at her alma mater. A ‘bad thing’ happened to Agnes a few years ago and, since then, despite her best efforts, life hasn’t gotten back on track.",en,"[18, 35]"
1098006,Fountain of Youth,2025-05-19,9.3448,6.28,811,"A treasure-hunting mastermind assembles a team for a life-changing adventure. But to outwit and outrun threats at every turn, he'll need someone even smarter than he is: his estranged sister.",en,"[12, 14, 9648]"
1137350,The Phoenician Scheme,2025-05-23,9.2996,6.546,735,"Wealthy businessman Zsa-zsa Korda appoints his only daughter, a nun, as sole heir to his estate. As Korda embarks on a new enterprise, they soon become the target of scheming tycoons, foreign terrorists, and determined assassins.",en,"[35, 12, 80]"
926606,The Home,2025-07-24,9.0798,6.482,138,"A troubled man starts working at a retirement home and realizes its residents and caretakers harbor sinister secrets. As he investigates the building and its forbidden fourth floor, he starts to uncover connections to his own past and upbringing as a foster child.",en,"[9648, 27, 53]"
1127110,Diablo,2025-06-13,9.0223,7.344,167,"Ex-con Kris Chaney seizes the daughter of a Colombian gangster to fulfill a noble promise to the young girl's mother. When her father enlists both the criminal underworld and a psychotic killer to exact his revenge, Kris relies on everything he's ever learned to stay alive and keep his word.",en,"[28, 53, 80]"
846422,The Old Guard 2,2025-07-01,8.9276,5.95,847,Andy and her team of immortal warriors fight with renewed purpose as they face a powerful new foe threatening their mission to protect humanity.,en,"[28, 14]"
1405338,Demon City,2025-02-26,8.9045,6.923,300,"Framed for his family's murder and left for dead, an ex-hitman will stop at nothing to exact revenge on the masked ""demons"" who have taken over his city.",ja,"[28, 80, 14, 53]"
1124619,Bride Hard,2025-06-19,8.7816,5.677,150,"Sam is a secret agent whose toughest mission to date is pleasing her bride-to-be best friend at a lavish destination wedding. When a team of mercenaries crashes the party and takes the guests hostage, Sam is thrown into a fight unlike any before — one where she can’t risk blowing her cover or ruining the big day. As she takes on the bad guys in a high-stakes battle disguised as a fairy-tale affair, she realizes the real threat might be closer than she thinks.",en,"[28, 35]"
926670,Henry Danger: The Movie,2025-01-17,8.6267,7.7,245,"Henry Hart meets a superfan—eager to fight crime with Kid Danger—who comes into possession of a device that can open up alternate realities. Facing a wild ride, Henry will need his best friend Jasper and his new superfan sidekick to find his way out or be stuck in another dimension forever.",en,"[28, 35, 10751, 878]"
1306525,The Elixir,2025-10-22,8.5862,5.958,165,An elixir unleashes the undead in a village. A family at odds with one another must unite and fight to survive as their hometown collapses.,id,"[27, 53]"
1140535,Presence,2025-01-17,8.5228,6.1,650,"A couple and their children move into a seemingly normal suburban home. When strange events occur, they begin to believe there is something else in the house with them. The presence is about to disrupt their lives in unimaginable ways.",en,"[27, 53, 18]"
777443,The Electric State,2025-03-07,8.3169,6.5,1491,"An orphaned teen hits the road with a mysterious robot to find her long-lost brother, teaming up with a smuggler and his wisecracking sidekick.",en,"[878, 12, 28]"
1151334,Eenie Meanie,2025-08-21,8.2985,6.362,265,A former teenage getaway driver gets dragged back into her unsavory past when a former employer offers her a chance to save the life of her chronically unreliable ex-boyfriend.,en,"[53, 28, 35]"
710258,Rust,2025-05-01,8.2649,6.642,116,"Infamous outlaw Harland Rust breaks his estranged grandson Lucas out of prison, after Lucas is convicted to hang for an accidental murder. The two must outrun legendary U.S Marshal Wood Helm and bounty hunter Fenton ""Preacher"" Lang who are hot on their tails. Deeply buried secrets rise from the ashes and an unexpected familial bond begins to form as the mismatched duo tries to survive the merciless American Frontier.",en,[37]
1263256,Happy Gilmore 2,2025-07-25,8.2175,6.6,844,"Happy Gilmore isn't done with golf — not by a long shot. Since his retirement after his first Tour Championship win, Gilmore returns to finance his daughter's ballet classes.",en,[35]
1049942,Bambi: The Reckoning,2025-07-11,8.1196,5.5,113,"After a mother and son get in a car wreck, they soon become hunted by Bambi, a mutated grief-stricken deer on a deadly rampage seeking revenge for the death of his mother and wife.",en,"[27, 53]"
1242434,Highest 2 Lowest,2025-08-14,8.1118,5.53,397,"When a titan music mogul, widely known as having the ""best ears in the business"", is targeted with a ransom plot, he is jammed up in a life-or-death moral dilemma.",en,"[53, 80, 18]"
1212855,Fight or Flight,2025-04-03,8.0515,6.266,293,A mercenary takes on the job of tracking down a target on a plane but must protect her when they're surrounded by people trying to kill both of them.,en,"[28, 35, 53]"
1226406,Love Hurts,2025-02-06,8.0362,5.708,327,"A realtor is pulled back into the life he left behind after his former partner-in-crime resurfaces with an ominous message. With his crime-lord brother also on his trail, he must confront his past and the history he never fully buried.",en,"[28, 35, 10749]"
1255788,The Gardener,2025-01-30,7.9233,6.138,174,"Every year the Prime Minister has a list of all kinds of troublemakers eliminated in the name of the famous Reason of State. Serge Shuster, Special Adviser to the President of the Republic, finds himself on this list, better known as the Matignon List.  Condemned to certain death and at the heart of an implacable plot and a state secret that also put his family in danger, Serge, his wife and children have only one hope left - their gardener, Léo, who hates it when « slugs » invade his garden... Especially those that want to kill innocent families.",fr,"[28, 35]"
1195631,William Tell,2025-01-17,7.9143,6.212,210,"The narrative unfolds in the 14th Century, when the European nations vie for supremacy within the Holy Roman Empire. The ambitious Austrian Empire, desiring more land, invades neighbouring Switzerland, a serene and pastoral nation. Protagonist William Tell, a formerly peaceful hunter, finds himself forced to take action as his family and homeland come under threat from the oppressive Austrian King and his ruthless warlords.",en,"[28, 12, 18, 36]"
1083968,Locked,2025-03-20,7.9036,6.214,463,"When Eddie breaks into a luxury SUV, he steps into a deadly trap set by William, a self-proclaimed vigilante delivering his own brand of twisted justice. With no means of escape, Eddie must fight to survive in a ride where escape is an illusion, survival is a nightmare, and justice shifts into high gear.",en,"[27, 53]"
1249289,Alarum,2025-01-16,7.8893,5.691,379,"Two married spies caught in the crosshairs of an international intelligence network will stop at nothing to obtain a critical asset. Joe and Lara are agents living off the grid whose quiet retreat at a winter resort is blown to shreds when members of the old guard suspect the two may have joined an elite team of rogue spies, known as Alarum.",en,"[28, 80, 53]"
1323784,Bad Influence,2025-01-24,7.883,5.659,268,An ex-con gets a fresh start when hired to protect a wealthy heiress from a stalker — but their chemistry is hard to resist as they grow closer.,es,"[53, 18, 10749]"
1287536,Dora and the Search for Sol Dorado,2025-07-02,7.769,6.66,103,"Dora, Diego, and their new friends trek through the perilous dangers of the Amazonian jungle in search of the ancient and powerful treasure of Sol Dorado to keep it out of enemy hands.",en,"[10751, 35, 12]"
1251717,Vicious,2025-09-19,7.6757,6.0,209,"When Polly receives a mysterious box, it comes with one rule: place inside something she needs, something she hates, and something she loves. If she doesn’t obey, it will consume everything—and everyone—she’s ever known.",en,"[27, 53]"
1307078,My Oxford Year,2025-07-31,7.5624,7.018,512,An ambitious American fulfilling her dream of studying at Oxford falls for a charming Brit hiding a secret that may upend her perfectly planned life.,en,"[10749, 35, 18]"
1339658,"Oh, Hi!",2025-07-25,7.5597,6.328,102,"Iris and Isaac's first weekend away as a couple is going so well — until Isaac mentions he didn’t know they were a couple. Convinced she's met her perfect guy and that he's just confused, Iris goes to increasingly ridiculous and irrational lengths to prove to Isaac that they are meant to be together.",en,"[10749, 35, 53]"
604685,Den of Thieves 2: Pantera,2025-01-08,7.5495,6.609,709,"Big Nick is back on the hunt in Europe and closing in on Donnie, who is embroiled in the treacherous and unpredictable world of diamond thieves and the infamous Panther mafia, as they plot a massive heist of the world's largest diamond exchange.",en,"[28, 80, 53]"
987400,Aztec Batman: Clash of Empires,2025-09-18,7.5456,7.7,123,"In the time of the Aztec empire, tragedy strikes Yohualli Coatl when his father is murdered by Spanish conquistadors. To warn King Moctezuma and his high priest, Yoka, of imminent danger, Yohualli escapes to Tenochtitlán. There, he trains in the temple of the bat god Tzinacan with his mentor, developing equipment and weaponry to confront the Spanish invasion and avenge his father’s death. Along the way, he encounters key figures like the fierce Jaguar Woman and the conquistador Hernán Cortés.",es,"[16, 28, 12, 14]"
1181540,Guns Up,2025-05-15,7.4531,6.506,164,"When a job goes horribly wrong, an ex-cop and family man who moonlights as a mob henchman has one night to get his family out of the city.",en,"[28, 35, 80]"
1239193,Deep Cover,2025-06-12,7.4243,6.711,505,"Kat is an improv comedy teacher beginning to question if she’s missed her shot at success. When an undercover cop offers her the role of a lifetime, she recruits two of her students to infiltrate London’s gangland by impersonating dangerous criminals.",en,"[28, 35, 80]"
1117857,In Your Dreams,2025-11-07,7.4041,6.938,162,Stevie and her little brother Elliot journey into the wildly absurd landscape of their own dreams to ask the Sandman to grant them the perfect family.,en,"[16, 10751, 35, 12, 14]"
1104845,Plankton: The Movie,2025-03-08,7.3994,6.755,139,Plankton's tangled love story with his sentient computer wife goes sideways when she takes a stand — and decides to destroy the world without him.,en,"[10751, 35, 12, 16]"
1374534,Almost Cops,2025-07-10,7.3526,5.96,164,"When an overeager community officer and a reckless ex-detective are forced to team up, plenty of chaos ensues on the streets of Rotterdam.",nl,"[28, 35, 80, 9648]"
1571470,The Rats: A Witcher Tale,2025-10-29,7.3499,5.316,122,"To pull off a daring heist, a gang of six misfit outlaws will have to do something they've never done before: trust each other — and a washed-up Witcher.",en,"[14, 18, 12]"
1261825,Oh. What. Fun.,2025-12-03,7.3276,5.588,216,"Claire Clauster is the glue that holds her chaotic, lovable family together at the holidays. But this year, after planning a special outing for them, they make a crucial mistake and leave her home alone. Fed up and feeling under appreciated, she sets off on an impromptu adventure of her own. As her family scrambles to find her, Claire discovers the unexpected magic of a Christmas gone off-script.",en,[35]
1337562,Splitsville,2025-08-21,7.2634,6.348,128,"After Ashley asks for a divorce, good-natured Carey runs to his friends, Julie and Paul, for support. He’s shocked to discover that the secret to their happiness is an open marriage, that is until Carey crosses the line and throws all of their relationships into chaos.",en,[35]
1212742,The Rule of Jenny Pen,2025-03-07,7.1888,6.0,113,"Confined to a secluded rest home and trapped within his stroke-ridden body, a former Judge must stop an elderly psychopath who employs a child's puppet to abuse the home's residents with deadly consequences.",en,"[27, 53, 9648]"
1249213,Drop,2025-04-10,7.1811,6.35,711,"Violet, a widowed mother on her first date in years, arrives at an upscale restaurant where she is relieved that her date, Henry, is more charming and handsome than she expected. But their chemistry begins to curdle as Violet begins being irritated and then terrorized by a series of anonymous drops to her phone.",en,"[9648, 53]"
1149504,Honey Don't!,2025-08-21,7.1747,5.684,266,"Honey O'Donahue, a small-town private investigator, delves into a series of strange deaths tied to a mysterious church.",en,"[35, 80]"
1233575,Black Bag,2025-03-12,7.1584,6.343,1049,"When intelligence agent Kathryn Woodhouse is suspected of betraying the nation, her husband – also a legendary agent – faces the ultimate test of whether to be loyal to his marriage, or his country.",en,"[18, 9648, 53]"
931349,Ash,2025-03-20,7.037,5.178,397,"On the mysterious planet of Ash, Riya awakens to find her crew slaughtered. When a man named Brion arrives to rescue her, an ordeal of psychological and physical terror ensues while Riya and Brion must decide if they can trust one another to survive.",en,"[27, 878]"
1242404,Steve,2025-09-19,6.8936,6.374,207,"Over one intense day, the devoted head teacher of a last-chance reform school strives to keep his students in line while facing pressures of his own.",en,[18]
1233069,Exterritorial,2025-04-29,6.8398,6.59,600,"When her son vanishes inside a US consulate, ex-special forces soldier Sara does everything in her power to find him — and uncovers a dark conspiracy.",de,"[53, 28]"
1145221,It Feeds,2025-04-17,7.527,6.758,180,A clairvoyant therapist confronts her own personal demons while trying to save a young girl who believes a malevolent entity is feeding on her.,en,[27]
744653,The Thursday Murder Club,2025-08-22,6.0418,6.627,835,A group of senior sleuths passionate about solving cold cases get plunged into a real-life murder mystery in this comic crime caper.,en,"[35, 9648, 80]"
774370,Dog Man,2025-01-24,6.5438,7.545,324,"When a faithful police dog and his human police officer owner are injured together on the job, a harebrained but life-saving surgery fuses the two of them together and Dog Man is born. Dog Man is sworn to protect and serve—and fetch, sit and roll over. As Dog Man embraces his new identity and strives to impress his Chief, he must stop the pretty evil plots of feline supervillain Petey the Cat.",en,"[10751, 35, 12, 16, 28]"
896536,The Legend of Ochi,2025-04-18,5.9084,6.1,250,"In a remote village on the island of Carpathia, a shy farm girl named Yuri is raised to fear an elusive animal species known as ochi. But when Yuri discovers a wounded baby ochi has been left behind, she escapes on a quest to bring him home.",en,"[10751, 14, 12]"
713364,Clown in a Cornfield,2025-05-08,6.1692,6.1,436,"Quinn and her father have just moved to the quiet town of Kettle Springs hoping for a fresh start. Instead, she discovers a fractured community that has fallen on hard times after the treasured Baypen Corn Syrup Factory burned down. As the locals bicker amongst themselves and tensions boil over, a sinister, grinning figure emerges from the cornfields to cleanse the town of its burdens, one bloody victim at a time.",en,"[27, 9648, 53]"
1225572,Screamboat,2025-03-20,6.2179,5.1,108,A late-night boat ride turns into a desperate fight for survival in New York City when a mischievous mouse becomes a monstrous reality.,en,"[27, 35]"
1277988,Caramelo,2025-10-07,6.7896,7.716,232,"After a life-changing diagnosis, a promising chef finds hope and humor with the help of a fur-midable dog friend.",pt,"[35, 18]"
1362315,The Hand That Rocks the Cradle,2025-10-16,6.7816,5.73,148,Suburban couple Caitlin and Miguel hire seemingly sweet Polly to take care of their newborn baby. But Polly's true motives have little to do with singing lullabies...,en,"[27, 53]"
1289888,French Lover,2025-09-25,6.0671,6.037,201,"When a jaded actor meets a down-on-her-luck waitress in Paris, their unexpected love story begins — but will it survive the glare of the spotlight?",fr,"[10749, 35]"
1285965,Dangerous Animals,2025-06-05,6.3587,6.462,418,"A savvy and free-spirited surfer is abducted by a shark-obsessed serial killer. Held captive on his boat, she must figure out how to escape before he carries out a ritualistic feeding to the sharks below.",en,"[27, 53]"
1290879,The Woman in Cabin 10,2025-10-09,6.5528,6.199,803,"On a lavish yacht for an assignment, a journalist sees a passenger go overboard. But when no one believes her, she risks her life to uncover the truth.",en,"[9648, 53, 80]"
1265063,After the Hunt,2025-10-09,7.0014,5.697,373,"A college professor finds herself at a personal and professional crossroads when a star pupil levels an accusation against one of her colleagues, and a dark secret from her own past threatens to come to light.",en,[18]
993710,Back in Action,2025-01-15,6.2743,6.433,1412,"Fifteen years after vanishing from the CIA to start a family, elite spies Matt and Emily jump back into the world of espionage when their cover is blown.",en,"[28, 35]"
1312946,The Map That Leads to You,2025-08-19,8.031,6.574,282,"Heather is a young woman traveling Europe with friends before starting her perfectly planned life. A chance meeting with Jack sparks an unexpected romance that leads to deep emotional discovery. As secrets and life choices test their bond, her path changes forever.",en,"[10749, 18]"
1410082,Sniper: The Last Stand,2025-01-21,5.9891,6.788,170,"To stop an arms dealer from unleashing a deadly superweapon, Ace sniper Brandon Beckett and Agent Zero are deployed to Costa Verde to lead a group of elite soldiers against an unrelenting militia. Taking an untested sniper under his wing, Beckett faces his newest challenge: giving orders instead of receiving them. With both time and ammo running low in a race to save humanity, the team must overcome all odds just to survive.",en,"[28, 53]"
1125899,Cleaner,2025-02-19,5.9401,6.352,388,"When a group of radical activists take over an energy company's annual gala, seizing 300 hostages, an ex-soldier turned window cleaner suspended 50 storeys up on the outside of the building must save those trapped inside, including her older brother.",en,"[28, 53]"
710295,Wolf Man,2025-01-15,6.0477,6.239,879,"With his marriage fraying, Blake persuades his wife Charlotte to take a break from the city and visit his remote childhood home in rural Oregon. As they arrive at the farmhouse in the dead of night, they're attacked by an unseen animal and barricade themselves inside the home as the creature prowls the perimeter. But as the night stretches on, Blake begins to behave strangely, transforming into something unrecognizable.",en,"[27, 53]"
1407861,The Bayou,2025-01-31,5.859,5.536,166,"Vacation turns disaster when Houston grad Kyle and her friends survive a plane crash in the desolate Louisiana everglades, only to discover there's something way more dangerous lurking in the shallows.",en,"[53, 27, 28]"
1241921,A Big Bold Beautiful Journey,2025-09-17,5.9997,6.265,275,"Sarah and David are single strangers who meet at a mutual friend’s wedding and soon, through a surprising twist of fate, find themselves on a funny, fantastical, sweeping adventure together where they get to re-live important moments from their respective pasts, illuminating how they got to where they are in the present... and possibly getting a chance to alter their futures.",en,"[10749, 14, 18]"
537921,Fixed,2025-08-13,5.5664,6.221,131,"After learning he's getting neutered, a dog has 24 hours to squeeze in one last balls-to-the-wall adventure with the boys.",en,"[16, 35]"
974573,Another Simple Favor,2025-03-07,6.0943,5.8,479,"Stephanie and Emily reunite on the beautiful island of Capri, Italy for Emily's extravagant wedding to a rich Italian businessman. Along with the glamorous guests, expect murder and betrayal to RSVP for a wedding with more twists and turns than the road from the Marina Grande to the Capri town square.",en,"[35, 53, 9648]"
1233066,Manitou's Canoe,2025-08-14,5.7238,6.787,115,"Abahachi, the Apache chief, and his white blood brother Ranger fight tirelessly for peace and justice - but a new, up-and-coming gang is making life particularly difficult for them! They lure Abahachi and Ranger into a trap in order to get their hands on the legendary “Canoe of Manitou”.",de,"[35, 37]"
1429744,Ziam,2025-07-08,5.6411,6.696,207,"In a fight for survival against a horrifying army of zombies, a former Muay Thai fighter must use skill, speed and grit to save his girlfriend.",th,"[27, 53, 28]"
1289936,Downton Abbey: The Grand Finale,2025-09-10,5.561,7.2,188,"When Mary finds herself at the center of a public scandal and the family faces financial strife, the entire household grapples with the threat of social disgrace. The Crawleys must embrace change as the staff prepares for a new chapter with the next generation leading Downton Abbey into the future.",en,"[18, 10749]"
1165642,Lost in Starlight,2025-05-30,5.5327,7.274,124,"When an astronaut leaves Earth for Mars, the vast infinite space divides star-crossed lovers in this animated romance that crosses the cosmos.",ko,"[16, 10749, 878]"
1013482,Borderline,2025-03-14,5.4802,5.754,134,"After escaping from a mental hospital, a violent sociopath named Paul begins a dangerous rampage targeting Sofia, a world-famous pop star. Obsessed with her, he takes Sofia hostage in her own home, acting under the delusional belief that they are getting married. Paul is desperate to prove his devotion, leading to a tense and unpredictable situation.",en,"[35, 27, 53]"
972533,Last Breath,2025-02-27,5.3427,6.947,547,Seasoned deep-sea divers battle the raging elements to rescue their crewmate trapped hundreds of feet below the ocean's surface.,en,"[53, 18]"
1441563,My Secret Santa,2025-12-02,5.2685,6.252,165,"A single mom needs a job. A ski resort needs a Santa. Disguised as a St. Nick lookalike, can Taylor fool a charming hotel heir into ho-ho-hiring her?",en,"[35, 10749]"
1356670,Late Shift,2025-02-27,5.2458,7.781,167,"An entirely ordinary day on the beds ward of a surgical department. The nursing team is understaffed due to a shortage of personnel. Despite the hectic environment, Floria cares for her patients with expertise and full dedication. Although she gives her all, the shift gradually spirals out of control – until it eventually leads to a dramatic outburst.",de,[18]
757725,Shadow Force,2025-05-01,5.2405,6.356,236,"Kyrah and Isaac were once the leaders of a multinational special forces group called Shadow Force. They broke the rules by falling in love, and in order to protect their son, they go underground. With a large bounty on their heads, and the vengeful Shadow Force hot on their trail, one family's fight becomes all-out war.",en,"[28, 53]"
1261501,Ad Vitam,2025-01-09,5.2099,6.235,415,"When he and his pregnant wife are attacked in their home, a former elite agent becomes trapped in a deadly manhunt tied to his own painful past.",fr,"[53, 18, 80, 28]"
1181107,The King of Kings,2025-04-07,5.1793,8.472,126,"Charles Dickens tells his young son Walter the greatest story ever told, and what begins as a bedtime tale becomes a life-changing journey. Through vivid imagination, the boy walks alongside Jesus, witnessing His miracles, facing His trials, and understanding His ultimate sacrifice.",en,"[16, 10751, 14, 18, 12]"
1417059,Mountainhead,2025-05-22,5.1534,5.332,208,A group of billionaire friends get together against the backdrop of a rolling international crisis.,en,"[35, 18, 10770]"
1425122,A Very Jonas Christmas Movie,2025-11-10,5.1532,6.193,101,"Kevin, Nick, and Joe Jonas face a series of escalating obstacles as they struggle to make it from London to New York in time to spend Christmas with their families.",en,"[35, 10402]"
1373445,V/H/S/Halloween,2025-09-19,5.1234,6.282,163,"A collection of Halloween-themed videotapes unleashes a series of twisted, blood-soaked tales, turning trick-or-treat into a struggle for survival.",en,"[27, 53]"
1355666,Love Untangled,2025-08-28,5.0771,8.401,146,A lovestruck teen plans to win the school heartthrob by going from curly to straight hair — until a new transfer student changes everything.,ko,"[10749, 18, 35]"
1045938,G20,2025-04-10,5.0648,6.434,627,"After the G20 Summit is overtaken by terrorists, President Danielle Sutton must bring all her statecraft and military experience to defend her family and her fellow leaders.",en,"[28, 9648, 18]"
1297763,Batman Ninja vs. Yakuza League,2025-03-17,5.0519,6.749,215,"The Batman family has returned to the present to discover that Japan has disappeared, and a giant island - Hinomoto - is now in the sky over Gotham City.  At the top sit the Yakuza, a group of superpowered individuals who reign without honor or humanity and look suspiciously like the Justice League. Now, it’s up to Batman and his allies to save Gotham!",ja,"[16, 28, 878]"
1254135,"13 Days, 13 Nights: In the Hell of Kabul",2025-06-27,5.0409,6.616,155,"Kabul, August 15, 2021. US troops are preparing to withdraw from Afghanistan, while the Taliban are marching on the capital to seize power. Amid the chaos, Commander Mohamed Bida and his men are in charge of security at the French embassy, the last Western mission to remain open. Trapped along with 500 people, left to their own devices, the team must reach the airport at all costs. A perilous mission with no guarantee of success to flee the hell of Kabul and rescue what remains of humanity.",fr,"[28, 10752, 53]"
999243,Hell of a Summer,2025-04-03,5.0221,5.693,140,"When 24-year-old Jason Hochberg arrives for counsellor weekend at his beloved Camp Pineway, his biggest problem is feeling out of touch with his teenage co-workers. Little does he know; a masked killer has murdered camp owners John and Kathy and is preparing to strike again.",en,"[27, 35, 9648]"
1280672,One of Them Days,2025-01-16,4.7271,6.643,242,"Best friends and roommates Dreux and Alyssa are about to have One of Them Days. When they discover Alyssa’s boyfriend has blown their rent money, the duo finds themselves going to extremes in a comical race against the clock to avoid eviction and keep their friendship intact.",en,[35]
1480382,The Voice of Hind Rajab,2025-09-25,5.3791,8.145,121,"January 29, 2024. Red Crescent volunteers receive an emergency call. A five-year old girl is trapped in a car under fire in Gaza, pleading for rescue. While trying to keep her on the line, they do everything they can to get an ambulance to her. Her name was Hind Rajab.",ar,[18]
1128655,The Surfer,2025-04-11,4.5958,5.8,248,"A man returns to the idyllic beach of his childhood to surf with his son. When he is humiliated by a group of locals, the man is drawn into a conflict that keeps rising and pushes him to his breaking point.",en,"[53, 18]"
1323475,Champagne Problems,2025-11-18,5.0802,6.101,188,A driven American exec heads to Paris determined to acquire a champagne brand by Christmas — and accidentally falls for the heir to the bubbly empire.,en,"[10749, 35]"
979660,Freaky Tales,2025-04-04,4.8041,6.374,191,"In 1987 Oakland, a mysterious force guides The Town's underdogs in four interconnected tales: teen punks defend their turf against Nazi skinheads, a rap duo battles for hip-hop immortality, a weary henchman gets a shot at redemption, and an NBA All-Star settles the score.",en,"[28, 35, 80]"
1302916,Heart Eyes,2025-02-06,4.4219,6.374,420,"When the ""Heart Eyes Killer"" strikes Seattle, a pair of co-workers pulling overtime on Valentine's Day are mistaken for a couple by the elusive couple-hunting killer. Now, they must spend the most romantic night of the year running for their lives.",en,"[27, 35, 10749]"
1371202,iHostage,2025-04-18,3.9858,5.937,287,"When a gunman enters an Apple Store in the heart of Amsterdam, the police face a delicate challenge to resolve the standoff.",nl,"[53, 80, 18]"
1013601,The Alto Knights,2025-03-19,4.7701,6.265,370,"Two of New York's most notorious organized crime bosses, Frank Costello and Vito Genovese, vie for control of the city's streets. Once the best of friends, petty jealousies and a series of betrayals place them on a deadly collision course that will reshape the Mafia (and America) forever.",en,"[80, 18, 36]"
1230208,Squad 36,2025-02-27,3.3474,6.24,175,"Forced out of his elite unit, a troubled cop launches his own rogue investigation when mysterious killings claim the lives of his former colleagues.",fr,"[28, 80, 18, 53]"
1272149,Bridget Jones: Mad About the Boy,2025-02-12,4.803,6.416,470,"Bridget Jones navigates life as a widow and single mum with the help of her family, friends, and former lover, Daniel. Back to work and on the apps, she's pursued by a younger man and maybe – just maybe – her son's science teacher.",en,"[10749, 35, 18]"
1218762,Jingle Bell Heist,2025-11-25,4.5012,6.033,228,Two down-on-their-luck hourly workers team up to rob a posh London department store on Christmas Eve. Will they steal each other's hearts along the way?,en,"[10749, 80, 35]"
1151039,Nonnas,2025-05-01,3.7708,6.791,438,"After losing his beloved mother, a man risks everything to honor her by opening an Italian restaurant with actual nonnas — grandmothers — as the chefs.",en,[35]
1122099,The Ballad of Wallis Island,2025-03-28,3.8591,7.108,130,An eccentric lottery winner who lives alone on a remote island tries to make his fantasies come true by getting his favourite musicians to perform at his home.,en,"[35, 18, 10402]"
1144430,Last Bullet,2025-05-06,4.3847,6.524,246,Car genius Lino returns to conclude his vendetta against Areski and the corrupt commander who ruined their lives in this turbo-charged trilogy finale.,fr,"[28, 80, 53, 18]"
1401318,A Merry Little Ex-Mas,2025-11-12,4.0118,6.093,156,"All Kate and Everett want for Christmas is an amicable divorce and one last holiday as a family, but new flames and old feelings complicate their plans.",en,"[10749, 35]"
1229730,Carjackers,2025-03-27,4.3657,6.118,208,"By day, they're invisible—valets, hostesses, and bartenders at a luxury hotel. By night, they're the Carjackers, a crew of skilled drivers who track and rob wealthy clients on the road. As they plan their ultimate heist, the hotel director hires a ruthless hitman, to stop them at all costs. With danger closing in, can Nora, Zoe, Steve, and Prestance pull off their biggest score yet?",fr,"[28, 12]"
1266798,Dog 51,2025-10-15,3.7103,6.5,143,"In the near future, Paris is divided into three zones that separate social classes, and no one can escape ALMA, a predictive AI that has revolutionized law enforcement. When ALMA’s creator is assassinated, Salia, a top agent, and Zem, a jaded cop, are forced to work together to solve a murder that may expose the dark secrets of the system they serve.",fr,"[53, 878, 80, 28]"
1239655,Friendship,2025-05-09,4.1351,6.4,212,"Suburban dad Craig falls hard for his charismatic new neighbor Austin, and his attempts to make an adult male friend threatens to ruin both of their lives.",en,[35]
1243341,Z-O-M-B-I-E-S 4: Dawn of the Vampires,2025-07-10,4.2432,6.864,132,"A new adventure dawns for Zed and Addison when their summer road trip takes an unexpected detour, landing them in the middle of yet another monster rivalry: Daywalkers vs. Vampires. Tensions flare when Zed and Addison find themselves acting as camp counselors between the two opposing supernatural factions. With the help of Eliza and Willa, they must convince sworn enemies Nova and Victor to try to unite their warring worlds before an even greater threat endangers them all.",en,"[14, 10402, 10749, 12, 10751, 35, 10770]"
1241634,Saiyaara,2025-07-18,4.3581,6.429,126,"Two artistic souls find harmony through music despite their contrasting worlds. As feelings deepen, age and circumstances challenge their undeniable bond.",hi,"[10749, 18, 10402]"
1254786,The Life List,2025-03-27,4.2141,6.987,556,"When her mother sends her on a quest to complete a teenage bucket list, a young woman uncovers family secrets, finds romance — and rediscovers herself.",en,"[10749, 35, 18]"
1425045,Brick,2025-07-02,4.161,5.788,653,"When a mysterious brick wall encloses their apartment building overnight, Tim and Olivia must unite with their wary neighbors to get out alive.",de,"[53, 878]"
1210732,How to Make a Killing,2025-01-01,4.0466,6.431,232,"Michel and Cathy, wed for longer than they can remember, lead a quiet but monotonous life in the mountains. When a bear bursts out in front of Michel’s car, accidentally killing two drug dealers and revealing a €2 million loot in the process, their life takes an unpredictable turn, especially when they decide to cover up the incident and keep the money! But their plan leads them to stumble upon an unexplained trail of dead bodies. More used to being honest than crooked, Michel and Cathy’s clumsy cover-up efforts soon put an interfering inspector hot on their trail.",fr,"[35, 53, 80]"
1078600,Marked Men: Rule + Shaw,2025-01-22,4.0275,6.626,187,"Shaw Landon has loved Rule Archer from the moment she laid eyes on him. Rule, a fiery-tempered rebel tattoo artist, doesn’t have time for a good girl pre-med student like Shaw — even if she’s the only one who can see the person he truly is. She lives by other people’s rules; he makes his own. But a short skirt, too many birthday cocktails, and spilled secrets lead to a night neither can forget. Now, Shaw and Rule must figure out how a girl like her and a guy like him are supposed to be together without destroying their love…or each other.",en,"[10749, 18]"
1321439,The Wrong Paris,2025-09-11,4.0249,6.681,268,"Dawn thinks she's joining a dating show in Paris, France, only to land in Paris, Texas. She has an exit plan — until sparks fly with the cowboy bachelor.",en,"[10749, 35]"
1276073,Bullet Train Explosion,2025-04-23,3.9976,6.864,279,"When panic erupts on a Tokyo-bound bullet train that will explode if it slows below 100 kph, authorities race against time to save everyone on board.",ja,"[28, 53, 80, 18]"
1352755,Maintenance Required,2025-10-07,3.9949,5.97,148,"Charlie, the fiercely independent owner of an all-female mechanic shop, is forced to reevaluate her future when a flashy corporate competitor moves in across the street. Seeking comfort, she turns to an anonymous online confidant - unaware she's confiding in Beau, the very rival threatening her business. As sparks fly both online and off, the truth threatens to blow everything apart.",en,"[10749, 35]"
1317088,The Assessment,2025-03-21,3.9109,6.851,367,"In a climate change-ravaged world, a utopian society optimizes life, including parenthood assessments. A successful couple faces scrutiny by an evaluator over seven days to determine their fitness for childbearing.",en,"[878, 18, 53]"
1265344,Swiped,2025-09-09,3.8793,6.521,140,Whitney Wolfe uses extraordinary grit and ingenuity to break into the male-dominated tech industry.,en,"[36, 18]"
1412113,Squid Game: Making Season 2,2025-01-02,3.8568,8.445,435,"From set designs to character arcs, get exclusive cast and director interviews on how Season 2 of the globally most-watched series was brought to life.",ko,[99]
1397832,A Widow's Game,2025-05-30,3.8558,6.267,243,"When a man is found dead, the investigation shatters his widow's perfect facade and exposes a hidden double life in this thriller based on real events.",es,"[53, 9648]"
1244944,The Woman in the Yard,2025-03-27,3.691,5.678,369,"In the aftermath of her husband's death, widow Ramona's struggle to raise her two kids is hindered by the arrival of a mysterious woman with supernatural abilities.",en,"[27, 53]"
257094,Holland,2025-03-09,3.6391,5.387,462,"Teacher Nancy's life with her husband in Holland, Michigan, tumbles into a twisted tale when she and a colleague become suspicious of a secret.",en,"[53, 9648]"
1203329,The Witcher: Sirens of the Deep,2025-02-10,3.5218,6.815,248,"When human sailors are attacked by mysterious creatures of the deep, only one person can stop the war between land and sea: the Witcher, Geralt of Rivia.",en,"[16, 14, 28]"
1001414,Fear Street: Prom Queen,2025-05-23,3.4928,5.364,515,"Who will be voted queen at Shadyside High's 1988 prom? For underdog Lori, competition is cutthroat even before someone starts killing off the candidates.",en,"[27, 9648]"
1202479,Opus,2025-03-13,3.4697,5.713,190,"A young writer is invited to the remote compound of a legendary pop star who mysteriously disappeared thirty years ago. Surrounded by the star's cult of sycophants and intoxicated journalists, she finds herself in the middle of his twisted plan.",en,"[27, 9648, 53]"
1272166,Ballad of a Small Player,2025-10-15,3.413,5.808,252,"Amid the glittering casinos of Macau, a gambler running from his past—and his debts—becomes fascinated by an enigmatic woman at the baccarat table.",en,"[80, 18]"
1388366,Popeye the Slayer Man,2025-03-21,3.2702,5.699,146,"A curious group of friends sneak into an abandoned spinach canning factory to film a documentary on the legend of the ""Sailor Man,"" who is said to haunt the factory and local docks.",en,[27]
1020414,Peter Pan's Neverland Nightmare,2025-01-13,3.238,5.738,204,"Wendy Darling strikes out in an attempt to rescue her brother Michael from the clutches of the evil Peter Pan who intends to send him to Neverland. Along the way she meets a twisted Tinkerbell, who is hooked on what she thinks is fairy dust.",en,"[27, 53, 14]"
1114894,Star Trek: Section 31,2025-01-15,3.0866,4.785,330,Emperor Philippa Georgiou joins a secret division of Starfleet tasked with protecting the United Federation of Planets and faces the sins of her past.,en,"[878, 12, 28]"
1319965,All of You,2025-09-26,2.9095,6.181,124,"Laura and Simon have been best friends since college. Over the years, they've realized their bond is more than platonic. Can they—and should they—risk everything to explore a love that has existed all along?",en,"[10749, 18]"
996821,You're Cordially Invited,2025-01-29,3.0299,5.805,416,"When two weddings are accidentally booked on the same day at the same venue, each bridal party is challenged with preserving their family's special moment while making the most of the unanticipated tight quarters. In a hilarious battle of determination and grit, the father of the bride and sister of the other bride chaotically go head-to-head as they stop at nothing to uphold an unforgettable celebration for their loved ones.",en,"[35, 10749]"
1291712,The Tasters,2025-03-27,2.565,6.644,180,"The film follows in the wake of young Rosa who flees bomb-stricken Berlin in the autumn of 1943 and heads to a small, isolated village near the eastern border. This is where her in-laws live and where her husband, who’s deployed on the front, has advised she take shelter until the war ends and he returns. Rosa soon discovers that this seemingly sleepy village conceals a secret: in the forest bordering the hamlet is Hitler’s headquarters, the Wolf’s Lair.",de,"[18, 36]"
1205656,Hallow Road,2025-04-16,2.891,6.414,122,Two parents enter a race against time when they receive a distressing late-night phone call from their daughter after she caused a tragic car accident.,en,"[9648, 53, 27]"
1086497,The Penguin Lessons,2025-03-27,3.1008,7.1,107,"In 1976, as Argentina descends into violence and chaos, a world-weary English teacher regains his compassion for others thanks to an unlikely friendship with a penguin.",en,[18]
1353117,Home Sweet Home: Rebirth,2025-03-20,2.8195,5.891,110,"When a city is overrun with a demonically-possessed crowd, a cop must find the source of evil to save his family.",en,"[27, 14, 53, 9648, 28]"
1517772,Unknown Number: The High School Catfish,2025-08-28,3.2013,6.791,184,"Vulgar, taunting texts blow up the phones of a teen and her boyfriend. Who's sending them — and why? This twisty documentary reveals the shocking answer.",en,[99]
1097311,Echo Valley,2025-06-13,2.4419,6.463,323,"Kate lives a secluded life—until her troubled daughter shows up, frightened and covered in someone else's blood. As Kate unravels the shocking truth, she learns just how far a mother will go to try to save her child.",en,"[53, 18]"
1212142,Kinda Pregnant,2025-02-04,2.6443,5.581,296,"When Lainy's plan to settle down and start a family falls apart, she puts on a fake baby bump, tells a lie — and accidentally falls for her dream guy.",en,"[35, 10749]"
1235304,Colours of Time,2025-05-22,2.5654,7.582,176,"United by the unexpected inheritance of a house in Normandy, four estranged cousins discover their family history by retracing their ancestor's steps.",fr,"[18, 35]"
1288328,The Illusion,2025-01-16,2.3039,6.817,115,"1860. Giuseppe Garibaldi began from Quarto the adventure of the Thousand surrounded by the enthusiasm of the young idealists who had come from all regions of Italy, and with his loyal group of officers, among whom a new profile stands out, that of Palermo Colonel Vincenzo Giordano Orsini. Among the many militiamen recruited were two Sicilians, Domenico Tricò, a farmer who had emigrated to the North, and Rosario Spitale, an illusionist. Having landed in Sicily, at Marsala, the Thousand begin fighting with the Bourbon army, whose numerical preponderance is immediately evident. Under these conditions, it appears almost impossible for the general to breach the enemy defense and penetrate Palermo. But when he is almost forced to retreat, Garibaldi devises an ingenious plan.",it,"[18, 35, 36]"
1254624,Night Always Comes,2025-08-15,2.9454,6.059,229,"Facing eviction in a city her family can no longer afford, a woman plunges into a desperate and increasingly dangerous all-night search to raise $25,000.",en,"[53, 18, 80]"
850920,The Parenting,2025-03-12,2.3376,6.046,141,"Boyfriends Josh and Rohan plan a weekend getaway to introduce their parents, only to discover that their rental is home to a 400-year-old poltergeist.",en,"[27, 35]"
970947,The Shrouds,2025-04-03,2.2901,5.81,189,"Inconsolable since the death of his wife, Karsh, a prominent businessman, invents a revolutionary and controversial technology that enables the living to monitor their dear departed in their shrouds. One night, multiple graves, including that of Karsh’s wife, are desecrated, and he sets out to track down the perpetrators.",en,"[878, 53, 27]"
1145725,Tyler Perry's Duplicity,2025-03-19,3.0815,6.547,150,High-powered attorney Marley faces her most personal case yet when she is tasked with uncovering the truth behind the murder of her best friend Fela’s husband. With the help of her boyfriend – a former cop turned private investigator – Marley’s search for what really happened leads her down a treacherous maze of deception and betrayal.,en,"[53, 18]"
1210938,Revelations,2025-03-20,2.3102,6.373,185,A pastor who believes in divine revelation and a detective haunted by visions pursue a missing person case — exposing their own demons in the process.,ko,"[53, 80, 9648]"
1232933,Fear Below,2025-05-02,2.3699,6.346,130,A rag-tag team of divers attempting to salvage a sunken car from a river are thwarted by a highly aggressive bull shark.,en,"[27, 28, 12, 53]"
1204892,Picture This,2025-03-05,2.2817,6.0,150,"Single and without a man on the horizon, Pia runs a failing photography studio in London with her best friend Jay. As her sister Sonal prepares for marriage and her mother Laxmi urges her to partner up, a spiritual guru predicts Pia will meet the love of her life among her next five dates. With her family intervening, Pia embarks on a hilarious yet heartfelt quest for love.",en,"[10749, 35]"
1312157,Somebody to Love,2025-02-20,1.9609,7.2,527,"How much do we really know about ourselves when we make a decision? What if there are multiple versions of our I within us, each with something to say?",it,"[35, 10749]"
1400782,The Perfect Neighbor,2025-10-10,2.3929,6.776,154,"Police bodycam footage reveals how a long-running neighborhood dispute turned fatal in this documentary about fear, prejudice and Stand Your Ground laws.",en,"[99, 53, 80]"
765897,The Unbreakable Boy,2025-02-20,2.2295,7.7,120,"When Scott and Teresa LeRette learn that their son Austin is both autistic and has brittle bone disease, they initially worry for their son’s future. But with Scott’s growing faith and Austin’s incredible spirit, they become 'unbreakable', finding joy, gratitude, and courage even in the most trying times.",en,"[10751, 18]"
850439,The Damned,2025-01-03,2.0369,6.123,126,"In the 19th century, a young widow named Eva manages a remote winter fishing outpost in an Arctic bay, which she inherited after her husband, Magnus, was shipwrecked. The nearest settlement is three days' march away and inaccessible due to deep snow on the mountain trails. The outpost faces a harsh and brutal winter with rapidly dwindling supplies. Eva and her crew are already living on bait as their fishing catch declines. One morning on the beach, they witness a Basque whaling ship sinking far out near the cliffs known as ""the Teeth,"" which rise steeply from the sea. Eva now faces an impossible decision, as any attempt to rescue the survivors risks depleting the last supplies for her and her men even faster.",en,"[27, 18, 9648]"
1093237,Hurry Up Tomorrow,2025-05-14,2.3168,5.156,141,A musician plagued by insomnia is pulled into an odyssey with a stranger who begins to unravel the very core of his existence.,en,"[10402, 53, 18]"
1127674,The Forbidden City,2025-03-08,2.7268,7.036,278,In the suburbs of Rome two very different souls intersect. One is the son of a restaurant owner who disappeared with his lover. The other is a young mysterious woman who has arrived from China in search of her missing sister.,it,"[28, 10749, 18]"
1269208,Wall to Wall,2025-07-17,1.9968,6.171,219,"A man who poured his life savings into a new apartment discovers its walls are full of disturbing noises, hostile neighbors and unsettling secrets.",ko,"[53, 18]"
1313144,The Piano Accident,2025-07-02,2.2907,6.205,112,"Social media sensation Magalie, known for posting shocking content, suffers a serious accident while filming one of her videos. She retreats to the mountains, accompanied by her assistant. Her peace is disrupted when a journalist begins blackmailing her.",fr,[35]
1388694,The Calendar Killer,2025-01-15,2.668,6.242,236,"Klara is going to die today unless she kills her husband instead. The Calendar Killer has given her that impossible choice. When Jules starts his night shift at a telephone safety helpline for lonely women on their way home, Klara's call reaches him. He soon becomes her last hope for survival and races against time to save her.",de,"[80, 53]"
1252377,La Dolce Villa,2025-02-12,1.4594,6.273,200,"When his daughter decides to buy a crumbling Tuscan villa, Eric rushes to Italy to talk her out of it — and instead finds beauty, romance and new purpose.",en,"[10749, 35]"
1277884,Leave One Day,2025-05-13,1.6078,6.363,157,"Cécile is about to open her own gourmet restaurant, finally making her dream come true, when suddenly her father has a heart attack and she is called back to the village where she was born. Far from the hubbub of Paris life, she runs into her teenage crush. The memories come flooding back, destabilizing her certainties.",fr,"[18, 35, 10402]"
1096642,The Ties That Bind Us,2025-02-19,1.434,7.194,180,"A young single father trying to find the strength to love. A feminist librarian, single by conviction, who’s decided that she won’t be a mother. A six-year-old child trying to find a place in a new family structure. By revealing their aspirations, their fears, their choices, Carine Tardieu depicts different ways in which humans create families.",fr,[18]
1388808,Into the Deep,2025-01-23,1.7469,5.698,111,"Divers searching for sunken treasure witness the murder of drug dealers by modern-day pirates, but a killer great white is determined not to let any of them escape its waters.",en,"[27, 28, 53]"
1361622,Honeymoon Crasher,2025-02-11,1.9948,5.605,152,"When his fiancée dumps him at the altar for her ex, a young man is left with no alternative but to go on his romantic honeymoon with his mother.",fr,[35]
1418522,Delicious,2025-02-18,1.3578,4.845,155,"During their vacation in the French countryside, a wealthy German family becomes entangled with a young hotel worker harboring sinister intentions.",de,"[53, 18]"
1302151,Mesa de regalos,2025-01-16,1.3082,8.56,100,"Nicolás and Antonia are two inseparable friends who are far from the emotional and professional stability that all their acquaintances have achieved. After attending countless weddings, they come up with a plan as bold as it is ingenious: to fund their dreams by organizing their own fake wedding! They announce their ""secret love,"" plan a big celebration, and at the crucial moment, Antonia is to leave Nicolás standing at the altar. Confident that the scandal will discourage guests from claiming their gifts, they plan to split the loot. However, unexpected feelings begin to arise, which could complicate their brilliant plan.",es,[35]
1212121,Latin Blood – The Ballad of Ney Matogrosso,2025-05-01,1.0551,8.129,128,"From a repressive childhood to artistic revolution, Ney Matogrosso transforms Brazil's stages — and himself — through music, creativity and inner fire.",pt,"[18, 10402]"
1426680,Our Times,2025-06-09,1.4515,6.675,114,"Husband and wife Nora and Héctor's scientific breakthrough lets them time travel from 1966 to 2025. As Héctor struggles, Nora thrives—but at what cost?",es,"[878, 10749, 35]"
1397854,The Love Scam,2025-01-01,1.697,6.386,132,"Drowning in debt, two brothers concoct a plan to scam a wealthy heiress and save their home in Naples — but unexpected love soon complicates the scheme.",it,"[35, 10749]"
1137759,God Save the Tuches,2025-02-05,1.3402,5.063,142,"When Jeff and Cathy’s grandson Jiji is selected for a training camp with Arsenal, it’s a dream opportunity for the whole family to head over to England and meet the royal family.",fr,[35]
1300607,Lucca's World,2025-01-30,1.0798,7.329,181,"Determined to help her son, who has cerebral palsy, Bárbara takes her family to India for an experimental treatment.",es,[18]
1301072,McWalter,2025-09-12,1.2224,5.034,103,"McWalter, a legendary American elite agent, is falsely accused of a series of attacks all around the globe. Determined to clear his name, he goes on the run to solve the mystery, thwart a earthwise conspiracy, and save the world…",fr,"[28, 12, 35]"
1118848,The Quiet Son,2025-01-22,1.3921,6.492,126,"Pierre, a devoted father in his 50s, raises his two sons alone. When Louis, the youngest, leaves home to attend the Sorbonne in Paris, Fus, slightly older and not as successful academically, becomes more and more secretive. Driven by a fascination for violence, he gets entangled in far-right extremist groups, at the very opposite of his father’s values. Between them, there is love and hate, until tragedy happens.",fr,[18]
1426306,Titan: The OceanGate Submersible Disaster,2025-06-06,1.2897,7.07,143,OceanGate's Titan tourist submersible imploded in 2023 on a deep-sea dive to the Titanic. This documentary details how a bold vision ended in tragedy.,en,"[99, 18]"
1107215,Once Upon My Mother,2025-03-19,0.9419,6.94,200,"In 1963, Esther gives birth to Roland, the youngest of a large family. Roland is born with a club foot that prevents him from standing. Against everyone's advice, she promises her son that he will walk like the others and that he will have a fabulous life. From then on, Esther will do everything in her power to keep this promise. Through decades of trials and miracles of life, this film is the story of a true, funny and moving story, that of an incredible destiny and the greatest love there is: that of a mother for her child.",fr,"[18, 35]"
1484253,Trainwreck: Poop Cruise,2025-06-23,0.9213,5.846,107,"An engine fire leaves 4,000 passengers stranded at sea without power and plumbing in this wild documentary about the infamous ""poop cruise"" of 2013.",en,"[99, 18]"
1469239,Karol G: Tomorrow Was Beautiful,2025-04-30,0.8716,7.883,116,"Karol G pulls back the curtain on her rise to stardom while navigating a sold-out stadium tour, creating new music and releasing a new album.",es,"[99, 10402]"
1386877,I Am the End of the World,2025-01-09,0.6133,4.942,225,"Forced to come back to Palermo to take care of his elderly parents, a deadpan driver-for-hire takes advantage of the situation to get back at the rigid authority figures who ruined his teenage years.",it,[35]
